_id,name,description,code,brand,unitMeasurement,price,stock,_class,idCategory,Productos_Relacionados
655b83ea3ba9772b052fa192,Huevos grandes,Maple de huevos grandesss,00003,Sin marca,unidad,30.0,90,com.inventoryservice.apirest.model.Product,,"[{'code': '00003', 'name': 'Huevos grandes'}, {'code': '00012', 'name': 'Arroz familiar 1kg'}, {'code': '00004', 'name': 'Azucar blanca 1kg'}]"
655b83ea3ba9772b052fa19b,Arroz familiar 1kg,Arroz familiarrrr,00012,Caisy,unidad,7.0,17,com.inventoryservice.apirest.model.Product,,"[{'code': '00012', 'name': 'Arroz familiar 1kg'}, {'code': '00003', 'name': 'Huevos grandes'}, {'code': '00004', 'name': 'Azucar blanca 1kg'}]"
655b83ea3ba9772b052fa193,Azucar blanca 1kg,Azucar blancaaa,00004,Unagro,unidad,6.0,12,com.inventoryservice.apirest.model.Product,,"[{'code': '00004', 'name': 'Azucar blanca 1kg'}, {'code': '00003', 'name': 'Huevos grandes'}, {'code': '00012', 'name': 'Arroz familiar 1kg'}]"
655b83ea3ba9772b052fa198,Avena 300gr,Avena pre-cocida,00009,Quaker,unidad,13.0,17,com.inventoryservice.apirest.model.Product,655b72ed3ba9772b052fa189,"[{'code': '00009', 'name': 'Avena 300gr'}, {'code': '00003', 'name': 'Huevos grandes'}, {'code': '00012', 'name': 'Arroz familiar 1kg'}]"
655b83ea3ba9772b052fa199,Avena 700gr,Avena pre-cocida,00010,Quaker,unidad,29.0,12,com.inventoryservice.apirest.model.Product,655b72ed3ba9772b052fa189,"[{'code': '00010', 'name': 'Avena 700gr'}, {'code': '00003', 'name': 'Huevos grandes'}, {'code': '00012', 'name': 'Arroz familiar 1kg'}]"
655b83ea3ba9772b052fa19a,Avena 800gr,Avena pre-cocida,00011,Princesa,unidad,18.0,10,com.inventoryservice.apirest.model.Product,655b72ed3ba9772b052fa189,"[{'code': '00011', 'name': 'Avena 800gr'}, {'code': '00003', 'name': 'Huevos grandes'}, {'code': '00012', 'name': 'Arroz familiar 1kg'}]"
655b83ea3ba9772b052fa19d,Fideos cortados 400gr,Fideos tipo cortado,00014,Famosa,unidad,3.5,8,com.inventoryservice.apirest.model.Product,655b72ed3ba9772b052fa189,"[{'code': '00014', 'name': 'Fideos cortados 400gr'}, {'code': '00003', 'name': 'Huevos grandes'}, {'code': '00012', 'name': 'Arroz familiar 1kg'}]"
655b83ea3ba9772b052fa19f,Fideos largo 400gr,Pasta linguine,00016,Lazzarony,unidad,4.5,10,com.inventoryservice.apirest.model.Product,655b72ed3ba9772b052fa189,"[{'code': '00016', 'name': 'Fideos largo 400gr'}, {'code': '00003', 'name': 'Huevos grandes'}, {'code': '00012', 'name': 'Arroz familiar 1kg'}]"
655b83ea3ba9772b052fa1a4,Princesa harina 1kg,Harina 000,00021,Famosa,unidad,7.5,5,com.inventoryservice.apirest.model.Product,655b72ed3ba9772b052fa189,"[{'code': '00021', 'name': 'Princesa harina 1kg'}, {'code': '00003', 'name': 'Huevos grandes'}, {'code': '00012', 'name': 'Arroz familiar 1kg'}]"
655b83ea3ba9772b052fa1a1,Fino vegetal 900ml,Aceite,00018,Fino,unidad,12.5,15,com.inventoryservice.apirest.model.Product,655b72ed3ba9772b052fa189,"[{'code': '00018', 'name': 'Fino vegetal 900ml'}, {'code': '00003', 'name': 'Huevos grandes'}, {'code': '00012', 'name': 'Arroz familiar 1kg'}]"
655b83ea3ba9772b052fa1a2,Fino ligth 900ml,Aceite,00019,Fino,unidad,19.5,2,com.inventoryservice.apirest.model.Product,655b72ed3ba9772b052fa189,"[{'code': '00019', 'name': 'Fino ligth 900ml'}, {'code': '00003', 'name': 'Huevos grandes'}, {'code': '00012', 'name': 'Arroz familiar 1kg'}]"
655b83ea3ba9772b052fa19c,Fideos cortos 400gr,Fideos cortos,00013,Lazzarony,unidad,4.0,10,com.inventoryservice.apirest.model.Product,655b72ed3ba9772b052fa189,"[{'code': '00013', 'name': 'Fideos cortos 400gr'}, {'code': '00003', 'name': 'Huevos grandes'}, {'code': '00012', 'name': 'Arroz familiar 1kg'}]"
655b83ea3ba9772b052fa19e,Arroz familiar 400gr,Pasta linguine,00015,Famosa,unidad,4.0,10,com.inventoryservice.apirest.model.Product,655b72ed3ba9772b052fa189,"[{'code': '00015', 'name': 'Arroz familiar 400gr'}, {'code': '00003', 'name': 'Huevos grandes'}, {'code': '00012', 'name': 'Arroz familiar 1kg'}]"
655b83ea3ba9772b052fa190,Huevos pequeños,Maple de huevos pequeños,00001,Sin marca,unidad,24.0,120,com.inventoryservice.apirest.model.Product,655b72ed3ba9772b052fa189,"[{'code': '00001', 'name': 'Huevos pequeños'}, {'code': '00003', 'name': 'Huevos grandes'}, {'code': '00012', 'name': 'Arroz familiar 1kg'}]"
655b83ea3ba9772b052fa191,Huevos medianos,Maple de huevos medianos,00002,Sin marca,unidad,26.0,90,com.inventoryservice.apirest.model.Product,655b72ed3ba9772b052fa189,"[{'code': '00002', 'name': 'Huevos medianos'}, {'code': '00003', 'name': 'Huevos grandes'}, {'code': '00012', 'name': 'Arroz familiar 1kg'}]"
655b83ea3ba9772b052fa194,Azucar morena 1kg,Azucar morena,00005,Unagro,unidad,6.5,24,com.inventoryservice.apirest.model.Product,655b72ed3ba9772b052fa189,"[{'code': '00005', 'name': 'Azucar morena 1kg'}, {'code': '00003', 'name': 'Huevos grandes'}, {'code': '00012', 'name': 'Arroz familiar 1kg'}]"
655b83ea3ba9772b052fa195,Azucar blanca 1kg,Azucar blanca,00006,Guabira,unidad,5.5,24,com.inventoryservice.apirest.model.Product,655b72ed3ba9772b052fa189,"[{'code': '00006', 'name': 'Azucar blanca 1kg'}, {'code': '00003', 'name': 'Huevos grandes'}, {'code': '00012', 'name': 'Arroz familiar 1kg'}]"
655b83ea3ba9772b052fa196,Azucar morena 1kg,Azucar morena,00007,Guabira,unidad,6.0,6,com.inventoryservice.apirest.model.Product,655b72ed3ba9772b052fa189,"[{'code': '00007', 'name': 'Azucar morena 1kg'}, {'code': '00003', 'name': 'Huevos grandes'}, {'code': '00012', 'name': 'Arroz familiar 1kg'}]"
655b83ea3ba9772b052fa197,Avena 300gr,Avena pre-cocida,00008,Princesa,unidad,11.0,10,com.inventoryservice.apirest.model.Product,655b72ed3ba9772b052fa189,"[{'code': '00008', 'name': 'Avena 300gr'}, {'code': '00003', 'name': 'Huevos grandes'}, {'code': '00012', 'name': 'Arroz familiar 1kg'}]"
655b83ea3ba9772b052fa1a0,Sabrosa aceite 900ml,Aceite,00017,Sabrosa,unidad,12.0,10,com.inventoryservice.apirest.model.Product,655b72ed3ba9772b052fa189,"[{'code': '00017', 'name': 'Sabrosa aceite 900ml'}, {'code': '00003', 'name': 'Huevos grandes'}, {'code': '00012', 'name': 'Arroz familiar 1kg'}]"
655b83ea3ba9772b052fa1a3,Princesa harina 1kg,Harina 000,00020,Princesa,unidad,7.0,2,com.inventoryservice.apirest.model.Product,655b72ed3ba9772b052fa189,"[{'code': '00020', 'name': 'Princesa harina 1kg'}, {'code': '00003', 'name': 'Huevos grandes'}, {'code': '00012', 'name': 'Arroz familiar 1kg'}]"
655b88273ba9772b052fa1a7,Agua vital 2lt,Agua,000024,Vital,unidad,7.0,8,com.inventoryservice.apirest.model.Product,655b72ed3ba9772b052fa189,"[{'code': '000024', 'name': 'Agua vital 2lt'}, {'code': '00003', 'name': 'Huevos grandes'}, {'code': '00012', 'name': 'Arroz familiar 1kg'}]"
655b88273ba9772b052fa1aa,Coca cola 500ml,Gaseosa,000027,Coca cola,unidad,6.0,5,com.inventoryservice.apirest.model.Product,655b72ed3ba9772b052fa189,"[{'code': '000027', 'name': 'Coca cola 500ml'}, {'code': '00003', 'name': 'Huevos grandes'}, {'code': '00012', 'name': 'Arroz familiar 1kg'}]"
655b88273ba9772b052fa1ac,Fanta 300ml,Gaseosa,000029,Coca cola,unidad,3.0,8,com.inventoryservice.apirest.model.Product,655b72ed3ba9772b052fa189,"[{'code': '000029', 'name': 'Fanta 300ml'}, {'code': '00003', 'name': 'Huevos grandes'}, {'code': '00012', 'name': 'Arroz familiar 1kg'}]"
655b88273ba9772b052fa1ad,Fanta 500ml,Gaseosa,000030,Coca cola,unidad,6.0,8,com.inventoryservice.apirest.model.Product,655b72ed3ba9772b052fa189,"[{'code': '000030', 'name': 'Fanta 500ml'}, {'code': '00003', 'name': 'Huevos grandes'}, {'code': '00012', 'name': 'Arroz familiar 1kg'}]"
655b88273ba9772b052fa1ab,Fanta 2lt,Gaseosa,000028,Coca cola,unidad,11.0,5,com.inventoryservice.apirest.model.Product,655b72ed3ba9772b052fa189,"[{'code': '000028', 'name': 'Fanta 2lt'}, {'code': '00003', 'name': 'Huevos grandes'}, {'code': '00012', 'name': 'Arroz familiar 1kg'}]"
655b88273ba9772b052fa1a5,Agua vital 600ml,Agua,000022,Vital,unidad,4.0,20,com.inventoryservice.apirest.model.Product,655b72ed3ba9772b052fa189,"[{'code': '000022', 'name': 'Agua vital 600ml'}, {'code': '00003', 'name': 'Huevos grandes'}, {'code': '00012', 'name': 'Arroz familiar 1kg'}]"
655b88273ba9772b052fa1b1,Guarana 500ml,Gaseosa,000034,Guarana,unidad,4.0,8,com.inventoryservice.apirest.model.Product,655b72ed3ba9772b052fa189,"[{'code': '000034', 'name': 'Guarana 500ml'}, {'code': '00003', 'name': 'Huevos grandes'}, {'code': '00012', 'name': 'Arroz familiar 1kg'}]"
655b88273ba9772b052fa1a6,Agua vital 990ml,Agua,000023,Vital,unidad,6.0,15,com.inventoryservice.apirest.model.Product,655b72ed3ba9772b052fa189,"[{'code': '000023', 'name': 'Agua vital 990ml'}, {'code': '00003', 'name': 'Huevos grandes'}, {'code': '00012', 'name': 'Arroz familiar 1kg'}]"
655b88273ba9772b052fa1a8,Coca cola 2lt,Gaseosa,000025,Coca cola,unidad,11.0,9,com.inventoryservice.apirest.model.Product,655b72ed3ba9772b052fa189,"[{'code': '000025', 'name': 'Coca cola 2lt'}, {'code': '00003', 'name': 'Huevos grandes'}, {'code': '00012', 'name': 'Arroz familiar 1kg'}]"
655b88273ba9772b052fa1a9,Coca cola 300ml,Gaseosa,000026,Coca cola,unidad,3.0,12,com.inventoryservice.apirest.model.Product,655b72ed3ba9772b052fa189,"[{'code': '000026', 'name': 'Coca cola 300ml'}, {'code': '00003', 'name': 'Huevos grandes'}, {'code': '00012', 'name': 'Arroz familiar 1kg'}]"
655b88273ba9772b052fa1ae,Fanta guarana 2lt,Gaseosa,000031,Coca cola,unidad,11.0,8,com.inventoryservice.apirest.model.Product,655b72ed3ba9772b052fa189,"[{'code': '000031', 'name': 'Fanta guarana 2lt'}, {'code': '00003', 'name': 'Huevos grandes'}, {'code': '00012', 'name': 'Arroz familiar 1kg'}]"
655b88273ba9772b052fa1af,Fanta guarana 300ml,Gaseosa,000032,Coca cola,unidad,3.0,8,com.inventoryservice.apirest.model.Product,655b72ed3ba9772b052fa189,"[{'code': '000032', 'name': 'Fanta guarana 300ml'}, {'code': '00003', 'name': 'Huevos grandes'}, {'code': '00012', 'name': 'Arroz familiar 1kg'}]"
655b88273ba9772b052fa1b0,Fanta guarana 500ml,Gaseosa,000033,Coca cola,unidad,6.0,8,com.inventoryservice.apirest.model.Product,655b72ed3ba9772b052fa189,"[{'code': '000033', 'name': 'Fanta guarana 500ml'}, {'code': '00003', 'name': 'Huevos grandes'}, {'code': '00012', 'name': 'Arroz familiar 1kg'}]"
655b88273ba9772b052fa1b2,Guarana 2lt,Gaseosa,000035,Guarana,unidad,10.0,7,com.inventoryservice.apirest.model.Product,655b72ed3ba9772b052fa189,"[{'code': '000035', 'name': 'Guarana 2lt'}, {'code': '00003', 'name': 'Huevos grandes'}, {'code': '00012', 'name': 'Arroz familiar 1kg'}]"
655b88273ba9772b052fa1b3,La cabaña 2lt,Gaseosa limonada,000036,La Cabaña,unidad,11.0,7,com.inventoryservice.apirest.model.Product,655b72ed3ba9772b052fa189,"[{'code': '000036', 'name': 'La cabaña 2lt'}, {'code': '00003', 'name': 'Huevos grandes'}, {'code': '00012', 'name': 'Arroz familiar 1kg'}]"
655b88273ba9772b052fa1b4,,,,,,0.0,0,com.inventoryservice.apirest.model.Product,,"[{'code': nan, 'name': nan}, {'code': '00003', 'name': 'Huevos grandes'}, {'code': '00012', 'name': 'Arroz familiar 1kg'}]"
655cf2a74a544d5585a456a6,Mantequilla Pil 200gr,Mantequilla con sal,000040,Pil,unidad,13.0,5,com.inventoryservice.apirest.model.Product,655b75343ba9772b052fa18c,"[{'code': '000040', 'name': 'Mantequilla Pil 200gr'}, {'code': '00003', 'name': 'Huevos grandes'}, {'code': '00012', 'name': 'Arroz familiar 1kg'}]"
655cf2a74a544d5585a456a8,Yogurt Pil sabor durazno bolsa 1lt,Yogurt bebible,000042,Pil,unidad,11.0,8,com.inventoryservice.apirest.model.Product,655b75343ba9772b052fa18c,"[{'code': '000042', 'name': 'Yogurt Pil sabor durazno bolsa 1lt'}, {'code': '00003', 'name': 'Huevos grandes'}, {'code': '00012', 'name': 'Arroz familiar 1kg'}]"
655cf2a74a544d5585a456ab,Leche Pil chocolatada 946ml,Leche chocolatada,000045,Pil,unidad,8.0,9,com.inventoryservice.apirest.model.Product,655b75343ba9772b052fa18c,"[{'code': '000045', 'name': 'Leche Pil chocolatada 946ml'}, {'code': '00003', 'name': 'Huevos grandes'}, {'code': '00012', 'name': 'Arroz familiar 1kg'}]"
655cf2a74a544d5585a456ad,Yogurt griego sabor durazno 170gr,Yogurt,000047,Delizia,unidad,5.0,9,com.inventoryservice.apirest.model.Product,655b75343ba9772b052fa18c,"[{'code': '000047', 'name': 'Yogurt griego sabor durazno 170gr'}, {'code': '00003', 'name': 'Huevos grandes'}, {'code': '00012', 'name': 'Arroz familiar 1kg'}]"
655cf2a74a544d5585a456ae,Yogurt griego natural bolsa 1lt,Yogurt,000048,Delizia,unidad,17.0,9,com.inventoryservice.apirest.model.Product,655b75343ba9772b052fa18c,"[{'code': '000048', 'name': 'Yogurt griego natural bolsa 1lt'}, {'code': '00003', 'name': 'Huevos grandes'}, {'code': '00012', 'name': 'Arroz familiar 1kg'}]"
655cf2a74a544d5585a456af,Mantequilla Regia light 425gr,Mantequilla light,000049,Regia,unidad,21.0,5,com.inventoryservice.apirest.model.Product,655b75343ba9772b052fa18c,"[{'code': '000049', 'name': 'Mantequilla Regia light 425gr'}, {'code': '00003', 'name': 'Huevos grandes'}, {'code': '00012', 'name': 'Arroz familiar 1kg'}]"
655cf2a74a544d5585a456b0,Mantequilla Regia 425gr,Mantequilla,000050,Regia,unidad,18.0,9,com.inventoryservice.apirest.model.Product,655b75343ba9772b052fa18c,"[{'code': '000050', 'name': 'Mantequilla Regia 425gr'}, {'code': '00003', 'name': 'Huevos grandes'}, {'code': '00012', 'name': 'Arroz familiar 1kg'}]"
655cf2a74a544d5585a456a5,Mantequilla Pil 100gr,Mantequilla con sal,000039,Pil,unidad,7.0,10,com.inventoryservice.apirest.model.Product,655b75343ba9772b052fa18c,"[{'code': '000039', 'name': 'Mantequilla Pil 100gr'}, {'code': '00003', 'name': 'Huevos grandes'}, {'code': '00012', 'name': 'Arroz familiar 1kg'}]"
655cf2a74a544d5585a456b2,Mantequilla Pil sin sal 200gr,Mantequilla sin sal,000052,Pil,unidad,13.5,9,com.inventoryservice.apirest.model.Product,655b75343ba9772b052fa18c,"[{'code': '000052', 'name': 'Mantequilla Pil sin sal 200gr'}, {'code': '00003', 'name': 'Huevos grandes'}, {'code': '00012', 'name': 'Arroz familiar 1kg'}]"
655cf2a74a544d5585a456b4,Mantequilla Regia vaso 215gr,Mantequilla,000054,Regia,unidad,10.5,9,com.inventoryservice.apirest.model.Product,655b75343ba9772b052fa18c,"[{'code': '000054', 'name': 'Mantequilla Regia vaso 215gr'}, {'code': '00003', 'name': 'Huevos grandes'}, {'code': '00012', 'name': 'Arroz familiar 1kg'}]"
655cf2a74a544d5585a456a4,Leche Pil 946ml,Leche natural,000038,Pil,unidad,6.0,11,com.inventoryservice.apirest.model.Product,655b75343ba9772b052fa18c,"[{'code': '000038', 'name': 'Leche Pil 946ml'}, {'code': '00003', 'name': 'Huevos grandes'}, {'code': '00012', 'name': 'Arroz familiar 1kg'}]"
655cf2a74a544d5585a456a7,Yogurt Pil sabor frutilla 1lt,Yogurt bebible,000041,Pil,unidad,13.0,8,com.inventoryservice.apirest.model.Product,655b75343ba9772b052fa18c,"[{'code': '000041', 'name': 'Yogurt Pil sabor frutilla 1lt'}, {'code': '00003', 'name': 'Huevos grandes'}, {'code': '00012', 'name': 'Arroz familiar 1kg'}]"
655cf2a74a544d5585a456a9,Yogurt Pil sabor mora bolsa 1lt,Yogurt bebible,000043,Pil,unidad,11.0,8,com.inventoryservice.apirest.model.Product,655b75343ba9772b052fa18c,"[{'code': '000043', 'name': 'Yogurt Pil sabor mora bolsa 1lt'}, {'code': '00003', 'name': 'Huevos grandes'}, {'code': '00012', 'name': 'Arroz familiar 1kg'}]"
655cf2a74a544d5585a456b1,Yogurt Pil Greco natural 160gr,Yogurt,000051,Pil,unidad,5.0,9,com.inventoryservice.apirest.model.Product,655b75343ba9772b052fa18c,"[{'code': '000051', 'name': 'Yogurt Pil Greco natural 160gr'}, {'code': '00003', 'name': 'Huevos grandes'}, {'code': '00012', 'name': 'Arroz familiar 1kg'}]"
655cf2a74a544d5585a456b5,Chiqui Choc 140ml,Leche chocolatada,000055,Pil,unidad,2.0,10,com.inventoryservice.apirest.model.Product,655b75343ba9772b052fa18c,"[{'code': '000055', 'name': 'Chiqui Choc 140ml'}, {'code': '00003', 'name': 'Huevos grandes'}, {'code': '00012', 'name': 'Arroz familiar 1kg'}]"
655cf2a74a544d5585a456aa,Yogurt Pil sabor frutilla 1lt,Yogurt frutado,000044,Pil,unidad,2.0,8,com.inventoryservice.apirest.model.Product,655b75343ba9772b052fa18c,"[{'code': '000044', 'name': 'Yogurt Pil sabor frutilla 1lt'}, {'code': '00003', 'name': 'Huevos grandes'}, {'code': '00012', 'name': 'Arroz familiar 1kg'}]"
655cf2a74a544d5585a456ac,Pilfrut sabor durazno bolsa 800ml,Pilfrut,000046,Pil,unidad,3.5,3,com.inventoryservice.apirest.model.Product,655b75343ba9772b052fa18c,"[{'code': '000046', 'name': 'Pilfrut sabor durazno bolsa 800ml'}, {'code': '00003', 'name': 'Huevos grandes'}, {'code': '00012', 'name': 'Arroz familiar 1kg'}]"
655cf2a74a544d5585a456b3,Leche Pil light 946ml,Leche light,000053,Pil,unidad,7.0,9,com.inventoryservice.apirest.model.Product,655b75343ba9772b052fa18c,"[{'code': '000053', 'name': 'Leche Pil light 946ml'}, {'code': '00003', 'name': 'Huevos grandes'}, {'code': '00012', 'name': 'Arroz familiar 1kg'}]"
655cf2a74a544d5585a456b6,Karina Manteca 450gr,Manteca vegetal,000056,Karina,unidad,12.5,10,com.inventoryservice.apirest.model.Product,655b75343ba9772b052fa18c,"[{'code': '000056', 'name': 'Karina Manteca 450gr'}, {'code': '00003', 'name': 'Huevos grandes'}, {'code': '00012', 'name': 'Arroz familiar 1kg'}]"
655cff4b4a544d5585a456b7,Pan molde Belen 550gr,Pan molde,000057,Pan Belen,unidad,12.5,10,com.inventoryservice.apirest.model.Product,655b75343ba9772b052fa18f,"[{'code': '000057', 'name': 'Pan molde Belen 550gr'}, {'code': '00003', 'name': 'Huevos grandes'}, {'code': '00012', 'name': 'Arroz familiar 1kg'}]"
655cff4b4a544d5585a456bc,Pan molde blanco Victoria 580gr,Pan molde blanco,000062,Victoria,unidad,12.5,5,com.inventoryservice.apirest.model.Product,655b75343ba9772b052fa18f,"[{'code': '000062', 'name': 'Pan molde blanco Victoria 580gr'}, {'code': '00003', 'name': 'Huevos grandes'}, {'code': '00012', 'name': 'Arroz familiar 1kg'}]"
655cff4b4a544d5585a456c2,Pan Belen de miga integral 360gr,Pan de miga,000068,Belén,unidad,13.0,3,com.inventoryservice.apirest.model.Product,655b75343ba9772b052fa18f,"[{'code': '000068', 'name': 'Pan Belen de miga integral 360gr'}, {'code': '00003', 'name': 'Huevos grandes'}, {'code': '00012', 'name': 'Arroz familiar 1kg'}]"
655cff4b4a544d5585a456b8,Pan molde Jenecheru 700gr,Pan molde,000058,Jenecherú,unidad,10.0,10,com.inventoryservice.apirest.model.Product,655b75343ba9772b052fa18f,"[{'code': '000058', 'name': 'Pan molde Jenecheru 700gr'}, {'code': '00003', 'name': 'Huevos grandes'}, {'code': '00012', 'name': 'Arroz familiar 1kg'}]"
655cff4b4a544d5585a456b9,Tostadas Jenecheru 4unid,Tostadas,000059,Jenecherú,unidad,3.0,5,com.inventoryservice.apirest.model.Product,655b75343ba9772b052fa18f,"[{'code': '000059', 'name': 'Tostadas Jenecheru 4unid'}, {'code': '00003', 'name': 'Huevos grandes'}, {'code': '00012', 'name': 'Arroz familiar 1kg'}]"
655cff4b4a544d5585a456bb,Pan Victoria 5unid,Pan integral,000061,Victoria,unidad,3.5,5,com.inventoryservice.apirest.model.Product,655b75343ba9772b052fa18f,"[{'code': '000061', 'name': 'Pan Victoria 5unid'}, {'code': '00003', 'name': 'Huevos grandes'}, {'code': '00012', 'name': 'Arroz familiar 1kg'}]"
655cff4b4a544d5585a456bd,Pan con queso,Pan,000063,Sin marca,unidad,0.5,30,com.inventoryservice.apirest.model.Product,655b75343ba9772b052fa18f,"[{'code': '000063', 'name': 'Pan con queso'}, {'code': '00003', 'name': 'Huevos grandes'}, {'code': '00012', 'name': 'Arroz familiar 1kg'}]"
655cff4b4a544d5585a456be,Pan integral Jenecheru 6 unid,Pan integral,000064,Jenecherú,unidad,3.5,3,com.inventoryservice.apirest.model.Product,655b75343ba9772b052fa18f,"[{'code': '000064', 'name': 'Pan integral Jenecheru 6 unid'}, {'code': '00003', 'name': 'Huevos grandes'}, {'code': '00012', 'name': 'Arroz familiar 1kg'}]"
655cff4b4a544d5585a456c4,Palito integral Victoria 12 unid,Pan palito,000070,Victoria,unidad,3.5,5,com.inventoryservice.apirest.model.Product,655b75343ba9772b052fa18f,"[{'code': '000070', 'name': 'Palito integral Victoria 12 unid'}, {'code': '00003', 'name': 'Huevos grandes'}, {'code': '00012', 'name': 'Arroz familiar 1kg'}]"
655cff4b4a544d5585a456c5,Pan para hamburguesa Jenecheru 6 unid,Pan para hamburguesa,000071,Jenecherú,unidad,4.5,6,com.inventoryservice.apirest.model.Product,655b75343ba9772b052fa18f,"[{'code': '000071', 'name': 'Pan para hamburguesa Jenecheru 6 unid'}, {'code': '00003', 'name': 'Huevos grandes'}, {'code': '00012', 'name': 'Arroz familiar 1kg'}]"
655cff4b4a544d5585a456c7,Pan hot dog Victoria 6 unid,Pan hot dog,000073,Victoria,unidad,11.5,3,com.inventoryservice.apirest.model.Product,655b75343ba9772b052fa18f,"[{'code': '000073', 'name': 'Pan hot dog Victoria 6 unid'}, {'code': '00003', 'name': 'Huevos grandes'}, {'code': '00012', 'name': 'Arroz familiar 1kg'}]"
655cff4b4a544d5585a456ba,Pan francés,Pan,000060,Sin marca,unidad,1.0,40,com.inventoryservice.apirest.model.Product,655b75343ba9772b052fa18f,"[{'code': '000060', 'name': 'Pan francés'}, {'code': '00003', 'name': 'Huevos grandes'}, {'code': '00012', 'name': 'Arroz familiar 1kg'}]"
655cff4b4a544d5585a456bf,Tortillas integrales Don taco 360gr,Tortillas de harina integral,000065,Don Taco,unidad,11.0,10,com.inventoryservice.apirest.model.Product,655b75343ba9772b052fa18f,"[{'code': '000065', 'name': 'Tortillas integrales Don taco 360gr'}, {'code': '00003', 'name': 'Huevos grandes'}, {'code': '00012', 'name': 'Arroz familiar 1kg'}]"
655cff4b4a544d5585a456c0,Tortillas tradicionales Don taco 360gr,Tortillas tradicionales,000066,Don Taco,unidad,11.0,5,com.inventoryservice.apirest.model.Product,655b75343ba9772b052fa18f,"[{'code': '000066', 'name': 'Tortillas tradicionales Don taco 360gr'}, {'code': '00003', 'name': 'Huevos grandes'}, {'code': '00012', 'name': 'Arroz familiar 1kg'}]"
655cff4b4a544d5585a456c3,Pan de panchito Victoria 10 unid,Pan de panchito,000069,Victoria,unidad,5.5,4,com.inventoryservice.apirest.model.Product,655b75343ba9772b052fa18f,"[{'code': '000069', 'name': 'Pan de panchito Victoria 10 unid'}, {'code': '00003', 'name': 'Huevos grandes'}, {'code': '00012', 'name': 'Arroz familiar 1kg'}]"
655cff4b4a544d5585a456c8,Pan con harina,Pan,000074,Sin marca,unidad,0.5,20,com.inventoryservice.apirest.model.Product,655b75343ba9772b052fa18f,"[{'code': '000074', 'name': 'Pan con harina'}, {'code': '00003', 'name': 'Huevos grandes'}, {'code': '00012', 'name': 'Arroz familiar 1kg'}]"
655cff4b4a544d5585a456c1,Pan molido Victoria 500gr,Pan molido,000067,Victoria,unidad,10.5,8,com.inventoryservice.apirest.model.Product,655b75343ba9772b052fa18f,"[{'code': '000067', 'name': 'Pan molido Victoria 500gr'}, {'code': '00003', 'name': 'Huevos grandes'}, {'code': '00012', 'name': 'Arroz familiar 1kg'}]"
655cff4b4a544d5585a456c6,Budín marmolado Arcor 215gr,Budín,000072,Arcor,unidad,18.5,3,com.inventoryservice.apirest.model.Product,655b75343ba9772b052fa18f,"[{'code': '000072', 'name': 'Budín marmolado Arcor 215gr'}, {'code': '00003', 'name': 'Huevos grandes'}, {'code': '00012', 'name': 'Arroz familiar 1kg'}]"
655cff4b4a544d5585a456c9,Empanada con queso,Empanada,000075,Sin marca,unidad,1.5,30,com.inventoryservice.apirest.model.Product,655b75343ba9772b052fa18f,"[{'code': '000075', 'name': 'Empanada con queso'}, {'code': '00003', 'name': 'Huevos grandes'}, {'code': '00012', 'name': 'Arroz familiar 1kg'}]"
655d0d344a544d5585a456cc,Muslos de pollo 1kg,Pollo,000077,Sofia,unidad,13.0,6,com.inventoryservice.apirest.model.Product,655d05de4a544d5585a456ca,"[{'code': '000077', 'name': 'Muslos de pollo 1kg'}, {'code': '00003', 'name': 'Huevos grandes'}, {'code': '00012', 'name': 'Arroz familiar 1kg'}]"
655d0d344a544d5585a456cb,Pechuga de pollo 1kg,Pollo,000076,Sofia,unidad,15.0,5,com.inventoryservice.apirest.model.Product,655d05de4a544d5585a456ca,"[{'code': '000076', 'name': 'Pechuga de pollo 1kg'}, {'code': '00003', 'name': 'Huevos grandes'}, {'code': '00012', 'name': 'Arroz familiar 1kg'}]"
655d0d344a544d5585a456ce,Mortadela primavera Sofia 200gr,Mortadela,000079,Sofia,unidad,11.0,10,com.inventoryservice.apirest.model.Product,655d05de4a544d5585a456ca,"[{'code': '000079', 'name': 'Mortadela primavera Sofia 200gr'}, {'code': '00003', 'name': 'Huevos grandes'}, {'code': '00012', 'name': 'Arroz familiar 1kg'}]"
655d0d344a544d5585a456d3,Fridosita de res 2 unid,Carne de hamburguesa,000084,Fridosa,unidad,8.5,5,com.inventoryservice.apirest.model.Product,655d05de4a544d5585a456ca,"[{'code': '000084', 'name': 'Fridosita de res 2 unid'}, {'code': '00003', 'name': 'Huevos grandes'}, {'code': '00012', 'name': 'Arroz familiar 1kg'}]"
655d0d344a544d5585a456d5,Milanesa de res Sofia 2 unid,Milanesa,000086,Sofia,unidad,12.5,5,com.inventoryservice.apirest.model.Product,655d05de4a544d5585a456ca,"[{'code': '000086', 'name': 'Milanesa de res Sofia 2 unid'}, {'code': '00003', 'name': 'Huevos grandes'}, {'code': '00012', 'name': 'Arroz familiar 1kg'}]"
655d0d344a544d5585a456d9,Salchicha de pollo Sofia 10 unid,Salchicha de pollo,000090,Sofia,unidad,11.0,4,com.inventoryservice.apirest.model.Product,655d05de4a544d5585a456ca,"[{'code': '000090', 'name': 'Salchicha de pollo Sofia 10 unid'}, {'code': '00003', 'name': 'Huevos grandes'}, {'code': '00012', 'name': 'Arroz familiar 1kg'}]"
655d0d344a544d5585a456d2,Mortadela jamonada sofia 500gr,Mortadela,000083,Sofia,unidad,36.5,5,com.inventoryservice.apirest.model.Product,655d05de4a544d5585a456ca,"[{'code': '000083', 'name': 'Mortadela jamonada sofia 500gr'}, {'code': '00003', 'name': 'Huevos grandes'}, {'code': '00012', 'name': 'Arroz familiar 1kg'}]"
655d0d344a544d5585a456cf,Mortadela jamonada Sofia 200gr,Mortadela,000080,Sofia,unidad,7.0,10,com.inventoryservice.apirest.model.Product,655d05de4a544d5585a456ca,"[{'code': '000080', 'name': 'Mortadela jamonada Sofia 200gr'}, {'code': '00003', 'name': 'Huevos grandes'}, {'code': '00012', 'name': 'Arroz familiar 1kg'}]"
655d0d344a544d5585a456d1,Fiambre viandada Oderich 320gr,Fiambre viandada,000082,Orderich,unidad,11.5,8,com.inventoryservice.apirest.model.Product,655d05de4a544d5585a456ca,"[{'code': '000082', 'name': 'Fiambre viandada Oderich 320gr'}, {'code': '00003', 'name': 'Huevos grandes'}, {'code': '00012', 'name': 'Arroz familiar 1kg'}]"
655d0d344a544d5585a456d4,Fridosita de pollo 2 unid,Carne de hamburguesa de pollo,000085,Fridosa,unidad,8.5,2,com.inventoryservice.apirest.model.Product,655d05de4a544d5585a456ca,"[{'code': '000085', 'name': 'Fridosita de pollo 2 unid'}, {'code': '00003', 'name': 'Huevos grandes'}, {'code': '00012', 'name': 'Arroz familiar 1kg'}]"
655d0d344a544d5585a456d6,Peperoni de cerdo 200gr,Peperoni,000087,La sierra,unidad,15.0,3,com.inventoryservice.apirest.model.Product,655d05de4a544d5585a456ca,"[{'code': '000087', 'name': 'Peperoni de cerdo 200gr'}, {'code': '00003', 'name': 'Huevos grandes'}, {'code': '00012', 'name': 'Arroz familiar 1kg'}]"
655d0d344a544d5585a456d7,Jamon Sandwichero Iglu 10 unid,Jamon,000088,Iglu,unidad,10.0,4,com.inventoryservice.apirest.model.Product,655d05de4a544d5585a456ca,"[{'code': '000088', 'name': 'Jamon Sandwichero Iglu 10 unid'}, {'code': '00003', 'name': 'Huevos grandes'}, {'code': '00012', 'name': 'Arroz familiar 1kg'}]"
655d0d344a544d5585a456cd,Tocino 4 unid,Tocino,000078,Sofia,unidad,10.0,5,com.inventoryservice.apirest.model.Product,655d05de4a544d5585a456ca,"[{'code': '000078', 'name': 'Tocino 4 unid'}, {'code': '00003', 'name': 'Huevos grandes'}, {'code': '00012', 'name': 'Arroz familiar 1kg'}]"
655d0d344a544d5585a456d0,Pate de higado Sofia 100gr,Pate de higado,000081,Sofia,unidad,6.0,4,com.inventoryservice.apirest.model.Product,655d05de4a544d5585a456ca,"[{'code': '000081', 'name': 'Pate de higado Sofia 100gr'}, {'code': '00003', 'name': 'Huevos grandes'}, {'code': '00012', 'name': 'Arroz familiar 1kg'}]"
655d0d344a544d5585a456d8,Milanesa americana Sofia 2 unid,Milanesa americana,000089,Sofia,unidad,10.0,5,com.inventoryservice.apirest.model.Product,655d05de4a544d5585a456ca,"[{'code': '000089', 'name': 'Milanesa americana Sofia 2 unid'}, {'code': '00003', 'name': 'Huevos grandes'}, {'code': '00012', 'name': 'Arroz familiar 1kg'}]"
655d14444a544d5585a456df,Jabon floral Bolivar 190gr,Jabon,000096,Bolivar,unidad,7.0,7,com.inventoryservice.apirest.model.Product,655b75343ba9772b052fa18b,"[{'code': '000096', 'name': 'Jabon floral Bolivar 190gr'}, {'code': '00003', 'name': 'Huevos grandes'}, {'code': '00012', 'name': 'Arroz familiar 1kg'}]"
655d14444a544d5585a456e0,Jabon limon Bolivar 190gr,Jabon,000097,Bolivar,unidad,7.0,14,com.inventoryservice.apirest.model.Product,655b75343ba9772b052fa18b,"[{'code': '000097', 'name': 'Jabon limon Bolivar 190gr'}, {'code': '00003', 'name': 'Huevos grandes'}, {'code': '00012', 'name': 'Arroz familiar 1kg'}]"
655d14444a544d5585a456de,Jabon baby kids Bolivar 190gr,Jabon,000095,Bolivar,unidad,7.0,14,com.inventoryservice.apirest.model.Product,655b75343ba9772b052fa18b,"[{'code': '000095', 'name': 'Jabon baby kids Bolivar 190gr'}, {'code': '00003', 'name': 'Huevos grandes'}, {'code': '00012', 'name': 'Arroz familiar 1kg'}]"
655d14444a544d5585a456e2,Crema dental luminos white Colgate 75ml,Crema dental brilliant,000099,Colgate,unidad,27.0,4,com.inventoryservice.apirest.model.Product,655b75343ba9772b052fa18b,"[{'code': '000099', 'name': 'Crema dental luminos white Colgate 75ml'}, {'code': '00003', 'name': 'Huevos grandes'}, {'code': '00012', 'name': 'Arroz familiar 1kg'}]"
655d14444a544d5585a456e8,Nocturna con alas Kotex 20 unid,Notcura,000105,Kotex,unidad,9.5,10,com.inventoryservice.apirest.model.Product,655b75343ba9772b052fa18b,"[{'code': '000105', 'name': 'Nocturna con alas Kotex 20 unid'}, {'code': '00003', 'name': 'Huevos grandes'}, {'code': '00012', 'name': 'Arroz familiar 1kg'}]"
655d14444a544d5585a456e1,Crema dental luminos white con carbon activado Colgate 75ml,Crema dental con carbon activado,000098,Colgate,unidad,24.0,14,com.inventoryservice.apirest.model.Product,655b75343ba9772b052fa18b,"[{'code': '000098', 'name': 'Crema dental luminos white con carbon activado Colgate 75ml'}, {'code': '00003', 'name': 'Huevos grandes'}, {'code': '00012', 'name': 'Arroz familiar 1kg'}]"
655d14444a544d5585a456e6,Hilo dental menta Colgate,Hilo dental,000103,Colgate,unidad,23.0,8,com.inventoryservice.apirest.model.Product,655b75343ba9772b052fa18b,"[{'code': '000103', 'name': 'Hilo dental menta Colgate'}, {'code': '00003', 'name': 'Huevos grandes'}, {'code': '00012', 'name': 'Arroz familiar 1kg'}]"
655d14444a544d5585a456e7,Repelente para niños Fexon 100gr,Repelente,000104,Fexon,unidad,28.0,4,com.inventoryservice.apirest.model.Product,655b75343ba9772b052fa18b,"[{'code': '000104', 'name': 'Repelente para niños Fexon 100gr'}, {'code': '00003', 'name': 'Huevos grandes'}, {'code': '00012', 'name': 'Arroz familiar 1kg'}]"
655d14444a544d5585a456ed,Clasica invisible Nosotras 30 unid,Toalla intima,000110,Nosotras,unidad,31.0,5,com.inventoryservice.apirest.model.Product,655b75343ba9772b052fa18b,"[{'code': '000110', 'name': 'Clasica invisible Nosotras 30 unid'}, {'code': '00003', 'name': 'Huevos grandes'}, {'code': '00012', 'name': 'Arroz familiar 1kg'}]"
655d14444a544d5585a456ee,Clasica invisible Nosotras 10 unid,Toalla intima,000111,Nosotras,unidad,11.5,15,com.inventoryservice.apirest.model.Product,655b75343ba9772b052fa18b,"[{'code': '000111', 'name': 'Clasica invisible Nosotras 10 unid'}, {'code': '00003', 'name': 'Huevos grandes'}, {'code': '00012', 'name': 'Arroz familiar 1kg'}]"
655d14444a544d5585a456da,Acondicionador brillo luminoso Ballerina 750ml,Acondicionador brillo luminoso,000091,Ballerina,unidad,22.0,4,com.inventoryservice.apirest.model.Product,655b75343ba9772b052fa18b,"[{'code': '000091', 'name': 'Acondicionador brillo luminoso Ballerina 750ml'}, {'code': '00003', 'name': 'Huevos grandes'}, {'code': '00012', 'name': 'Arroz familiar 1kg'}]"
655d14444a544d5585a456db,Acondicionador color ideal sin sal Ballerina 750ml,Acondicionador,000092,Ballerina,unidad,22.0,4,com.inventoryservice.apirest.model.Product,655b75343ba9772b052fa18b,"[{'code': '000092', 'name': 'Acondicionador color ideal sin sal Ballerina 750ml'}, {'code': '00003', 'name': 'Huevos grandes'}, {'code': '00012', 'name': 'Arroz familiar 1kg'}]"
655d14444a544d5585a456dc,Shampoo color ideal sin sal Ballerina 750ml,Shampoo,000093,Ballerina,unidad,22.0,4,com.inventoryservice.apirest.model.Product,655b75343ba9772b052fa18b,"[{'code': '000093', 'name': 'Shampoo color ideal sin sal Ballerina 750ml'}, {'code': '00003', 'name': 'Huevos grandes'}, {'code': '00012', 'name': 'Arroz familiar 1kg'}]"
655d14444a544d5585a456dd,Shampoo hidratación y suavidad sin sal Ballerina 750ml,Shampoo,000094,Ballerina,unidad,22.0,5,com.inventoryservice.apirest.model.Product,655b75343ba9772b052fa18b,"[{'code': '000094', 'name': 'Shampoo hidratación y suavidad sin sal Ballerina 750ml'}, {'code': '00003', 'name': 'Huevos grandes'}, {'code': '00012', 'name': 'Arroz familiar 1kg'}]"
655d14444a544d5585a456e3,Crema dental minions Colgate 100gr,Crema dental para niños,000100,Colgate,unidad,20.0,4,com.inventoryservice.apirest.model.Product,655b75343ba9772b052fa18b,"[{'code': '000100', 'name': 'Crema dental minions Colgate 100gr'}, {'code': '00003', 'name': 'Huevos grandes'}, {'code': '00012', 'name': 'Arroz familiar 1kg'}]"
655d14444a544d5585a456e5,Crema dental maxima proteccion Colgate 180gr,Crema dental,000102,Colgate,unidad,12.0,10,com.inventoryservice.apirest.model.Product,655b75343ba9772b052fa18b,"[{'code': '000102', 'name': 'Crema dental maxima proteccion Colgate 180gr'}, {'code': '00003', 'name': 'Huevos grandes'}, {'code': '00012', 'name': 'Arroz familiar 1kg'}]"
655d14444a544d5585a456e9,Normal tela con alas 10 unid,Normal tela,000106,Kotex,unidad,11.0,20,com.inventoryservice.apirest.model.Product,655b75343ba9772b052fa18b,"[{'code': '000106', 'name': 'Normal tela con alas 10 unid'}, {'code': '00003', 'name': 'Huevos grandes'}, {'code': '00012', 'name': 'Arroz familiar 1kg'}]"
655d14444a544d5585a456ea,Tela ultrafina discreta Kotex 10 unid,Tela ultrafina discreta,000107,Kotex,unidad,10.5,20,com.inventoryservice.apirest.model.Product,655b75343ba9772b052fa18b,"[{'code': '000107', 'name': 'Tela ultrafina discreta Kotex 10 unid'}, {'code': '00003', 'name': 'Huevos grandes'}, {'code': '00012', 'name': 'Arroz familiar 1kg'}]"
655d14444a544d5585a456eb,Jabon con glicerina floral Lux 125gr,Jabon,000108,Lux,unidad,7.0,20,com.inventoryservice.apirest.model.Product,655b75343ba9772b052fa18b,"[{'code': '000108', 'name': 'Jabon con glicerina floral Lux 125gr'}, {'code': '00003', 'name': 'Huevos grandes'}, {'code': '00012', 'name': 'Arroz familiar 1kg'}]"
655d14444a544d5585a456e4,Crema dental triple Colgate 90gr,Crema dental,000101,Colgate,unidad,7.0,14,com.inventoryservice.apirest.model.Product,655b75343ba9772b052fa18b,"[{'code': '000101', 'name': 'Crema dental triple Colgate 90gr'}, {'code': '00003', 'name': 'Huevos grandes'}, {'code': '00012', 'name': 'Arroz familiar 1kg'}]"
655d14444a544d5585a456ec,Jabon con glicerina jazmin Lux 125gr,Jabon,000109,Lux,unidad,7.0,20,com.inventoryservice.apirest.model.Product,655b75343ba9772b052fa18b,"[{'code': '000109', 'name': 'Jabon con glicerina jazmin Lux 125gr'}, {'code': '00003', 'name': 'Huevos grandes'}, {'code': '00012', 'name': 'Arroz familiar 1kg'}]"
6562c8fd25db62273cb6a2cb,ExampleProduct,Example product descriptionaaa,ABC123,ExampleBrand,units,29.99,250,com.inventoryservice.apirest.model.Product,6562bd9325db62273cb6a2ca,"[{'code': 'ABC123', 'name': 'ExampleProduct'}, {'code': '00003', 'name': 'Huevos grandes'}, {'code': '00012', 'name': 'Arroz familiar 1kg'}]"
